"(PDH-CSV 4.0) (GMT Standard Time)(0)","\\SQLPROD01\Processor(_Total)\% Processor Time","\\SQLPROD01\Processor(_Total)\% Privileged Time","\\SQLPROD01\Process(sqlservr)\% Processor Time","\\SQLPROD01\Process(sqlservr)\Virtual Bytes","\\SQLPROD01\Process(sqlservr)\Private Bytes","\\SQLPROD01\Memory\Available MBytes","\\SQLPROD01\LogicalDisk(_Total)\Avg. Disk sec/Read","\\SQLPROD01\LogicalDisk(E:)\Avg. Disk sec/Read","\\SQLPROD01\LogicalDisk(F:)\Avg. Disk sec/Write","\\SQLPROD01\LogicalDisk(G:)\Avg. Disk sec/Read","\\SQLPROD01\LogicalDisk(G:)\Disk Transfers/sec","\\SQLPROD01\SQLServer:Buffer Manager\Page life expectancy","\\SQLPROD01\SQLServer:SQL Statistics\Batch Requests/sec","\\SQLPROD01\SQLServer:SQL Statistics\SQL Compilations/sec","\\SQLPROD01\SQLServer:SQL Statistics\SQL Re-Compilations/sec","\\SQLPROD01\SQLServer:SQL Statistics\SQL Attention rate","\\SQLPROD01\SQLServer:Plan Cache(SQL Plans)\Cache Object Counts","\\SQLPROD01\SQLServer:Plan Cache(Object Plans)\Cache Object Counts"
"10/06/2026 09:00:00.000","42.118","9.204","702.441","41203400704","19284049920","6412","0.003414","0.003988","0.002104","0.004562","188.214","4821","612.004","41.118","9.204","0.000","14207","1982"
"10/06/2026 09:00:15.000","44.902","9.881","738.102","41219084288","19284049920","6388","0.003531","0.004011","0.002233","0.004881","201.447","4740","628.551","44.009","10.117","0.000","14988","1982"
"10/06/2026 09:00:30.000","47.331","10.442","771.884","41251934208","19285098496","6361","0.003677","0.004102","0.002401","0.005204","214.882","4651","641.209","47.882","11.004","0.000","15804","1983"
"10/06/2026 09:00:45.000","51.004","11.118","812.447","41288445952","19285098496","6322","0.003922","0.004288","0.002588","0.005811","228.114","4544","655.881","52.114","12.881","0.000","16702","1983"
"10/06/2026 09:01:00.000","58.882","13.447","901.221","41334771712","19286147072","6281","0.004332","0.004402","0.002804","0.007122","246.881","4402","668.004","61.447","15.204","0.000","17688","1983"
"10/06/2026 09:01:15.000","67.447","16.882","1044.882","41398833152","19286147072","6204","0.005534","0.004588","0.003102","0.011447","268.447","4188","671.882","78.882","19.447","0.000","18822","1984"
"10/06/2026 09:01:30.000","76.881","21.447","1188.447","41472524288","19287195648","6102","0.007383","0.004881","0.003447","0.018204","284.114","3904","664.447","98.204","24.881","0.067","20114","1984"
"10/06/2026 09:01:45.000","83.204","26.881","1288.114","41561604096","19287195648","5981","0.010108","0.005102","0.003881","0.028447","292.447","3588","648.204","121.447","31.204","0.134","21588","1984"
"10/06/2026 09:02:00.000","88.447","31.204","1366.881","41668706304","19288244224","5844","0.013438","0.005447","0.004102","0.041204","298.881","3204","621.447","148.881","38.447","0.201","23204","1985"
"10/06/2026 09:02:15.000","91.881","34.447","1412.447","41791131648","19288244224","5702","0.015552","0.005881","0.004447","0.048881","301.447","2844","588.204","172.447","44.204","0.268","24981","1985"
"10/06/2026 09:04:30.000","94.447","36.881","1448.204","42104438784","19289292800","5488","0.016633","0.006204","0.004881","0.052447","304.881","2401","541.881","188.204","48.881","0.402","27404","1985"
"10/06/2026 09:04:45.000","93.204","35.447","1431.881","42218258432","19289292800","5401","0.016438","0.006447","0.005102","0.051204","303.447","2188","522.447","181.447","47.204","0.335","28881","1986"
"10/06/2026 09:05:00.000","92.447","34.881","1424.447","42331078144","19290341376","5344","0.016418","0.006588","0.005204","0.050881","302.881","2044","508.881","178.204","46.447","0.268","30204","1986"
"10/06/2026 09:05:15.000","91.204","33.447","1408.204","42448897024","19290341376","5281","0.016194","0.006881","0.005447","0.049447","301.204","1904","498.447","172.881","44.881","0.201","31688","1986"
"10/06/2026 09:05:30.000","89.881","32.204","1388.447","42561716736","19291389952","5204","0.015893","0.007102","0.005588","0.047881","299.447","1788","488.204","168.447","43.204","0.134","33104","1987"
"10/06/2026 09:05:45.000","87.447","30.881","1361.204","42674536448","19291389952","5144","0.015572","0.007204","0.005881","0.046204","297.881","1688","478.881","161.204","41.447","0.067","34588","1987"
